Postcode,State,Tier
800,NT,B
810,NT,B
812,NT,B
815,NT,B
820,NT,B
822,NT,C
828,NT,C
829,NT,C
830,NT,C
832,NT,C
834,NT,C
835,NT,C
836,NT,C
837,NT,C
838,NT,C
839,NT,C
840,NT,C
841,NT,C
845,NT,C
846,NT,C
847,NT,C
850,NT,C
852,NT,C
853,NT,C
854,NT,C
860,NT,C
862,NT,C
870,NT,C
872,NT,C
873,NT,C
874,NT,C
875,NT,C
880,NT,C
885,NT,C
886,NT,C
2000,NSW,A
2006,NSW,B
2007,NSW,B
2008,NSW,B
2009,NSW,A
2010,NSW,B
2011,NSW,B
2015,NSW,B
2016,NSW,B
2017,NSW,B
2018,NSW,B
2019,NSW,B
2020,NSW,B
2021,NSW,B
2022,NSW,B
2023,NSW,B
2024,NSW,B
2025,NSW,B
2026,NSW,B
2027,NSW,B
2028,NSW,B
2029,NSW,B
2030,NSW,B
2031,NSW,B
2032,NSW,B
2033,NSW,B
2034,NSW,B
2035,NSW,B
2036,NSW,B
2037,NSW,B
2038,NSW,B
2039,NSW,B
2040,NSW,B
2041,NSW,B
2042,NSW,B
2043,NSW,B
2044,NSW,B
2045,NSW,B
2046,NSW,B
2047,NSW,B
2048,NSW,B
2049,NSW,B
2050,NSW,B
2052,NSW,B
2060,NSW,A
2061,NSW,B
2062,NSW,B
2063,NSW,B
2064,NSW,B
2065,NSW,B
2066,NSW,B
2067,NSW,B
2068,NSW,B
2069,NSW,B
2070,NSW,B
2071,NSW,B
2072,NSW,B
2073,NSW,B
2074,NSW,B
2075,NSW,B
2076,NSW,B
2077,NSW,B
2079,NSW,B
2080,NSW,B
2081,NSW,B
2082,NSW,B
2083,NSW,C
2084,NSW,C
2085,NSW,B
2086,NSW,B
2087,NSW,B
2088,NSW,B
2089,NSW,B
2090,NSW,B
2092,NSW,B
2093,NSW,B
2094,NSW,B
2095,NSW,B
2096,NSW,B
2097,NSW,B
2099,NSW,B
2100,NSW,B
2101,NSW,B
2102,NSW,B
2103,NSW,B
2104,NSW,B
2105,NSW,B
2106,NSW,B
2107,NSW,B
2108,NSW,B
2109,NSW,B
2110,NSW,B
2111,NSW,B
2112,NSW,B
2113,NSW,B
2114,NSW,B
2115,NSW,B
2116,NSW,B
2117,NSW,B
2118,NSW,B
2119,NSW,B
2120,NSW,B
2121,NSW,B
2122,NSW,B
2125,NSW,B
2126,NSW,B
2127,NSW,B
2128,NSW,B
2129,NSW,B
2130,NSW,B
2131,NSW,B
2132,NSW,B
2133,NSW,B
2134,NSW,B
2135,NSW,B
2136,NSW,B
2137,NSW,B
2138,NSW,B
2139,NSW,B
2140,NSW,B
2141,NSW,B
2142,NSW,B
2143,NSW,B
2144,NSW,B
2145,NSW,B
2146,NSW,B
2147,NSW,B
2148,NSW,B
2150,NSW,B
2151,NSW,B
2152,NSW,B
2153,NSW,B
2154,NSW,B
2155,NSW,B
2156,NSW,B
2157,NSW,C
2158,NSW,C
2159,NSW,C
2160,NSW,B
2161,NSW,B
2162,NSW,B
2163,NSW,B
2164,NSW,B
2165,NSW,B
2166,NSW,B
2167,NSW,B
2168,NSW,B
2170,NSW,B
2171,NSW,B
2172,NSW,B
2173,NSW,B
2174,NSW,B
2175,NSW,B
2176,NSW,B
2177,NSW,B
2178,NSW,C
2179,NSW,B
2190,NSW,B
2191,NSW,B
2192,NSW,B
2193,NSW,B
2194,NSW,B
2195,NSW,B
2196,NSW,B
2197,NSW,B
2198,NSW,B
2199,NSW,B
2200,NSW,B
2203,NSW,B
2204,NSW,B
2205,NSW,B
2206,NSW,B
2207,NSW,B
2208,NSW,B
2209,NSW,B
2210,NSW,B
2211,NSW,B
2212,NSW,B
2213,NSW,B
2214,NSW,B
2216,NSW,B
2217,NSW,B
2218,NSW,B
2219,NSW,B
2220,NSW,B
2221,NSW,B
2222,NSW,B
2223,NSW,B
2224,NSW,B
2225,NSW,B
2226,NSW,B
2227,NSW,B
2228,NSW,B
2229,NSW,B
2230,NSW,B
2231,NSW,B
2232,NSW,B
2233,NSW,C
2234,NSW,B
2250,NSW,C
2251,NSW,B
2256,NSW,B
2257,NSW,B
2258,NSW,C
2259,NSW,C
2260,NSW,B
2261,NSW,B
2262,NSW,B
2263,NSW,B
2264,NSW,C
2265,NSW,C
2267,NSW,B
2278,NSW,C
2280,NSW,B
2281,NSW,B
2282,NSW,B
2283,NSW,B
2284,NSW,B
2285,NSW,B
2286,NSW,C
2287,NSW,B
2289,NSW,B
2290,NSW,B
2291,NSW,B
2292,NSW,B
2293,NSW,B
2294,NSW,B
2295,NSW,B
2296,NSW,B
2297,NSW,B
2298,NSW,B
2299,NSW,B
2300,NSW,B
2302,NSW,B
2303,NSW,B
2304,NSW,B
2305,NSW,B
2306,NSW,B
2307,NSW,B
2308,NSW,B
2309,NSW,C
2311,NSW,C
2312,NSW,C
2315,NSW,C
2316,NSW,C
2317,NSW,C
2318,NSW,C
2319,NSW,C
2320,NSW,C
2321,NSW,C
2322,NSW,C
2323,NSW,C
2324,NSW,C
2325,NSW,C
2326,NSW,C
2327,NSW,C
2328,NSW,C
2329,NSW,C
2330,NSW,C
2333,NSW,C
2334,NSW,C
2335,NSW,C
2336,NSW,C
2337,NSW,C
2338,NSW,C
2339,NSW,C
2340,NSW,C
2341,NSW,C
2342,NSW,C
2343,NSW,C
2344,NSW,C
2345,NSW,C
2346,NSW,C
2347,NSW,C
2350,NSW,C
2351,NSW,C
2352,NSW,C
2353,NSW,C
2354,NSW,C
2355,NSW,C
2356,NSW,C
2357,NSW,C
2358,NSW,C
2359,NSW,C
2360,NSW,C
2361,NSW,C
2365,NSW,C
2369,NSW,C
2370,NSW,C
2371,NSW,C
2372,NSW,C
2379,NSW,C
2380,NSW,C
2381,NSW,C
2382,NSW,C
2386,NSW,C
2387,NSW,C
2388,NSW,C
2390,NSW,C
2395,NSW,C
2396,NSW,C
2397,NSW,C
2398,NSW,C
2399,NSW,C
2400,NSW,C
2401,NSW,C
2402,NSW,C
2403,NSW,C
2404,NSW,C
2405,NSW,C
2406,NSW,C
2408,NSW,C
2409,NSW,C
2410,NSW,C
2411,NSW,C
2415,NSW,C
2420,NSW,C
2421,NSW,C
2422,NSW,C
2423,NSW,C
2424,NSW,C
2425,NSW,C
2426,NSW,C
2427,NSW,C
2428,NSW,C
2429,NSW,C
2430,NSW,C
2431,NSW,C
2439,NSW,C
2440,NSW,C
2441,NSW,C
2443,NSW,C
2444,NSW,C
2445,NSW,C
2446,NSW,C
2447,NSW,C
2448,NSW,C
2449,NSW,C
2450,NSW,C
2452,NSW,C
2453,NSW,C
2454,NSW,C
2455,NSW,C
2456,NSW,C
2460,NSW,C
2462,NSW,C
2463,NSW,C
2464,NSW,C
2465,NSW,C
2466,NSW,C
2469,NSW,C
2470,NSW,C
2471,NSW,C
2472,NSW,C
2473,NSW,C
2474,NSW,C
2475,NSW,C
2476,NSW,C
2477,NSW,C
2478,NSW,C
2479,NSW,C
2480,NSW,C
2481,NSW,C
2482,NSW,C
2483,NSW,C
2484,NSW,C
2485,NSW,B
2486,NSW,B
2487,NSW,C
2488,NSW,C
2489,NSW,C
2490,NSW,C
2500,NSW,B
2502,NSW,B
2505,NSW,B
2506,NSW,B
2508,NSW,C
2515,NSW,B
2516,NSW,B
2517,NSW,B
2518,NSW,B
2519,NSW,B
2522,NSW,B
2525,NSW,B
2526,NSW,B
2527,NSW,C
2528,NSW,B
2529,NSW,B
2530,NSW,B
2533,NSW,C
2534,NSW,C
2535,NSW,C
2536,NSW,C
2537,NSW,C
2538,NSW,C
2539,NSW,C
2540,NSW,C
2541,NSW,C
2545,NSW,C
2546,NSW,C
2548,NSW,C
2549,NSW,C
2550,NSW,C
2551,NSW,C
2555,NSW,C
2556,NSW,C
2557,NSW,C
2558,NSW,B
2559,NSW,B
2560,NSW,C
2563,NSW,C
2564,NSW,B
2565,NSW,B
2566,NSW,B
2567,NSW,B
2568,NSW,C
2569,NSW,C
2570,NSW,C
2571,NSW,C
2572,NSW,C
2573,NSW,C
2574,NSW,C
2575,NSW,C
2576,NSW,C
2577,NSW,C
2578,NSW,C
2579,NSW,C
2580,NSW,C
2581,NSW,C
2582,NSW,C
2583,NSW,C
2584,NSW,C
2585,NSW,C
2586,NSW,C
2587,NSW,C
2588,NSW,C
2590,NSW,C
2594,NSW,C
2600,ACT,B
2601,ACT,B
2602,ACT,B
2603,ACT,B
2604,ACT,B
2605,ACT,B
2606,ACT,B
2607,ACT,B
2609,ACT,B
2611,ACT,C
2612,ACT,B
2614,ACT,B
2615,ACT,B
2617,ACT,B
2618,NSW,C
2619,NSW,B
2620,NSW,C
2621,NSW,C
2622,NSW,C
2623,NSW,C
2624,NSW,C
2625,NSW,C
2626,NSW,C
2627,NSW,C
2628,NSW,C
2629,NSW,C
2630,NSW,C
2631,NSW,C
2632,NSW,C
2633,NSW,C
2640,NSW,C
2641,NSW,C
2642,NSW,C
2643,NSW,C
2644,NSW,C
2645,NSW,C
2646,NSW,C
2647,NSW,C
2648,NSW,C
2649,NSW,C
2650,NSW,C
2651,NSW,C
2652,NSW,C
2653,NSW,C
2655,NSW,C
2656,NSW,C
2658,NSW,C
2659,NSW,C
2660,NSW,C
2661,NSW,C
2663,NSW,C
2665,NSW,C
2666,NSW,C
2668,NSW,C
2669,NSW,C
2671,NSW,C
2672,NSW,C
2675,NSW,C
2678,NSW,C
2680,NSW,C
2681,NSW,C
2700,NSW,C
2701,NSW,C
2702,NSW,C
2703,NSW,C
2705,NSW,C
2706,NSW,C
2707,NSW,C
2710,NSW,C
2711,NSW,C
2712,NSW,C
2713,NSW,C
2714,NSW,C
2715,NSW,C
2716,NSW,C
2717,NSW,C
2720,NSW,C
2721,NSW,C
2722,NSW,C
2725,NSW,C
2726,NSW,C
2727,NSW,C
2729,NSW,C
2730,NSW,C
2731,NSW,C
2732,NSW,C
2733,NSW,C
2734,NSW,C
2735,NSW,C
2736,NSW,C
2737,NSW,C
2738,NSW,C
2739,NSW,C
2745,NSW,C
2747,NSW,B
2748,NSW,C
2749,NSW,B
2750,NSW,B
2752,NSW,C
2753,NSW,C
2754,NSW,C
2756,NSW,C
2757,NSW,C
2758,NSW,C
2759,NSW,B
2760,NSW,B
2761,NSW,B
2762,NSW,B
2763,NSW,B
2765,NSW,C
2766,NSW,B
2767,NSW,B
2768,NSW,B
2769,NSW,B
2770,NSW,B
2773,NSW,B
2774,NSW,B
2775,NSW,C
2776,NSW,B
2777,NSW,B
2778,NSW,C
2779,NSW,C
2780,NSW,C
2782,NSW,C
2783,NSW,C
2784,NSW,C
2785,NSW,C
2786,NSW,C
2787,NSW,C
2790,NSW,C
2791,NSW,C
2792,NSW,C
2793,NSW,C
2794,NSW,C
2795,NSW,C
2797,NSW,C
2798,NSW,C
2799,NSW,C
2800,NSW,C
2803,NSW,C
2804,NSW,C
2805,NSW,C
2806,NSW,C
2807,NSW,C
2808,NSW,C
2809,NSW,C
2810,NSW,C
2817,NSW,C
2818,NSW,C
2820,NSW,C
2821,NSW,C
2822,NSW,C
2823,NSW,C
2824,NSW,C
2825,NSW,C
2826,NSW,C
2827,NSW,C
2828,NSW,C
2829,NSW,C
2830,NSW,C
2831,NSW,C
2832,NSW,C
2833,NSW,C
2834,NSW,C
2835,NSW,C
2836,NSW,C
2838,NSW,C
2839,NSW,C
2840,NSW,C
2842,NSW,C
2843,NSW,C
2844,NSW,C
2845,NSW,C
2846,NSW,C
2847,NSW,C
2848,NSW,C
2849,NSW,C
2850,NSW,C
2852,NSW,C
2864,NSW,C
2865,NSW,C
2866,NSW,C
2867,NSW,C
2868,NSW,C
2869,NSW,C
2870,NSW,C
2871,NSW,C
2873,NSW,C
2874,NSW,C
2875,NSW,C
2876,NSW,C
2877,NSW,C
2878,NSW,C
2879,NSW,C
2880,NSW,C
2898,NSW,C
2899,NSW,C
2900,ACT,B
2902,ACT,B
2903,ACT,B
2904,ACT,B
2905,ACT,B
2906,ACT,B
2911,ACT,B
2912,ACT,C
2913,ACT,B
2914,ACT,B
3000,VIC,A
3002,VIC,B
3003,VIC,B
3004,VIC,B
3006,VIC,A
3008,VIC,A
3010,VIC,B
3011,VIC,B
3012,VIC,B
3013,VIC,B
3015,VIC,B
3016,VIC,B
3018,VIC,B
3019,VIC,B
3020,VIC,B
3021,VIC,B
3022,VIC,B
3023,VIC,B
3024,VIC,C
3025,VIC,B
3026,VIC,B
3027,VIC,B
3028,VIC,B
3029,VIC,B
3030,VIC,B
3031,VIC,B
3032,VIC,B
3033,VIC,B
3034,VIC,B
3036,VIC,B
3037,VIC,B
3038,VIC,B
3039,VIC,B
3040,VIC,B
3041,VIC,B
3042,VIC,B
3043,VIC,B
3044,VIC,B
3045,VIC,B
3046,VIC,B
3047,VIC,B
3048,VIC,B
3049,VIC,B
3050,VIC,B
3051,VIC,B
3052,VIC,B
3053,VIC,B
3054,VIC,B
3055,VIC,B
3056,VIC,B
3057,VIC,B
3058,VIC,B
3059,VIC,C
3060,VIC,B
3061,VIC,B
3062,VIC,B
3063,VIC,C
3064,VIC,B
3065,VIC,B
3066,VIC,B
3067,VIC,B
3068,VIC,B
3070,VIC,B
3071,VIC,B
3072,VIC,B
3073,VIC,B
3074,VIC,B
3075,VIC,B
3076,VIC,B
3078,VIC,B
3079,VIC,B
3081,VIC,B
3082,VIC,B
3083,VIC,B
3084,VIC,B
3085,VIC,B
3086,VIC,B
3087,VIC,B
3088,VIC,B
3089,VIC,B
3090,VIC,B
3091,VIC,B
3093,VIC,B
3094,VIC,B
3095,VIC,B
3096,VIC,B
3097,VIC,C
3099,VIC,C
3101,VIC,B
3102,VIC,B
3103,VIC,B
3104,VIC,B
3105,VIC,B
3106,VIC,B
3107,VIC,B
3108,VIC,B
3109,VIC,B
3111,VIC,B
3113,VIC,B
3114,VIC,B
3115,VIC,C
3116,VIC,B
3121,VIC,B
3122,VIC,B
3123,VIC,B
3124,VIC,B
3125,VIC,B
3126,VIC,B
3127,VIC,B
3128,VIC,B
3129,VIC,B
3130,VIC,B
3131,VIC,B
3132,VIC,B
3133,VIC,B
3134,VIC,B
3135,VIC,B
3136,VIC,B
3137,VIC,B
3138,VIC,B
3139,VIC,C
3140,VIC,B
3141,VIC,B
3142,VIC,B
3143,VIC,B
3144,VIC,B
3145,VIC,B
3146,VIC,B
3147,VIC,B
3148,VIC,B
3149,VIC,B
3150,VIC,B
3151,VIC,B
3152,VIC,B
3153,VIC,B
3154,VIC,B
3155,VIC,B
3156,VIC,B
3158,VIC,B
3159,VIC,B
3160,VIC,B
3161,VIC,B
3162,VIC,B
3163,VIC,B
3165,VIC,B
3166,VIC,B
3167,VIC,B
3168,VIC,B
3169,VIC,B
3170,VIC,B
3171,VIC,B
3172,VIC,B
3173,VIC,B
3174,VIC,B
3175,VIC,B
3177,VIC,B
3178,VIC,B
3179,VIC,B
3180,VIC,B
3181,VIC,B
3182,VIC,B
3183,VIC,B
3184,VIC,B
3185,VIC,B
3186,VIC,B
3187,VIC,B
3188,VIC,B
3189,VIC,B
3190,VIC,B
3191,VIC,B
3192,VIC,B
3193,VIC,B
3194,VIC,B
3195,VIC,B
3196,VIC,B
3197,VIC,B
3198,VIC,B
3199,VIC,B
3200,VIC,B
3201,VIC,B
3202,VIC,B
3204,VIC,B
3205,VIC,B
3206,VIC,B
3207,VIC,B
3211,VIC,C
3212,VIC,C
3213,VIC,C
3214,VIC,B
3215,VIC,B
3216,VIC,B
3217,VIC,C
3218,VIC,B
3219,VIC,B
3220,VIC,B
3221,VIC,C
3222,VIC,C
3223,VIC,C
3224,VIC,C
3225,VIC,C
3226,VIC,C
3227,VIC,C
3228,VIC,C
3230,VIC,C
3231,VIC,C
3232,VIC,C
3233,VIC,C
3234,VIC,C
3235,VIC,C
3236,VIC,C
3237,VIC,C
3238,VIC,C
3239,VIC,C
3240,VIC,C
3241,VIC,C
3242,VIC,C
3243,VIC,C
3249,VIC,C
3250,VIC,C
3251,VIC,C
3254,VIC,C
3260,VIC,C
3264,VIC,C
3265,VIC,C
3266,VIC,C
3267,VIC,C
3268,VIC,C
3269,VIC,C
3270,VIC,C
3271,VIC,C
3272,VIC,C
3273,VIC,C
3274,VIC,C
3275,VIC,C
3276,VIC,C
3277,VIC,C
3278,VIC,C
3279,VIC,C
3280,VIC,C
3281,VIC,C
3282,VIC,C
3283,VIC,C
3284,VIC,C
3285,VIC,C
3286,VIC,C
3287,VIC,C
3289,VIC,C
3292,VIC,C
3293,VIC,C
3294,VIC,C
3300,VIC,C
3301,VIC,C
3302,VIC,C
3303,VIC,C
3304,VIC,C
3305,VIC,C
3309,VIC,C
3310,VIC,C
3311,VIC,C
3312,VIC,C
3314,VIC,C
3315,VIC,C
3317,VIC,C
3318,VIC,C
3319,VIC,C
3321,VIC,C
3322,VIC,C
3323,VIC,C
3324,VIC,C
3325,VIC,C
3328,VIC,C
3329,VIC,C
3330,VIC,C
3331,VIC,C
3332,VIC,C
3333,VIC,C
3334,VIC,C
3335,VIC,C
3336,VIC,C
3337,VIC,C
3338,VIC,C
3340,VIC,C
3341,VIC,C
3342,VIC,C
3345,VIC,C
3350,VIC,C
3351,VIC,C
3352,VIC,C
3355,VIC,C
3356,VIC,C
3357,VIC,C
3358,VIC,C
3360,VIC,C
3361,VIC,C
3363,VIC,C
3364,VIC,C
3370,VIC,C
3371,VIC,C
3373,VIC,C
3374,VIC,C
3375,VIC,C
3377,VIC,C
3378,VIC,C
3379,VIC,C
3380,VIC,C
3381,VIC,C
3384,VIC,C
3385,VIC,C
3387,VIC,C
3388,VIC,C
3390,VIC,C
3391,VIC,C
3392,VIC,C
3393,VIC,C
3395,VIC,C
3396,VIC,C
3400,VIC,C
3401,VIC,C
3407,VIC,C
3409,VIC,C
3412,VIC,C
3413,VIC,C
3414,VIC,C
3415,VIC,C
3418,VIC,C
3419,VIC,C
3420,VIC,C
3423,VIC,C
3424,VIC,C
3427,VIC,C
3428,VIC,B
3429,VIC,C
3430,VIC,C
3431,VIC,C
3432,VIC,C
3433,VIC,C
3434,VIC,C
3435,VIC,C
3437,VIC,C
3438,VIC,C
3440,VIC,C
3441,VIC,C
3442,VIC,C
3444,VIC,C
3446,VIC,C
3447,VIC,C
3448,VIC,C
3450,VIC,C
3451,VIC,C
3453,VIC,C
3458,VIC,C
3460,VIC,C
3461,VIC,C
3462,VIC,C
3463,VIC,C
3464,VIC,C
3465,VIC,C
3467,VIC,C
3468,VIC,C
3469,VIC,C
3472,VIC,C
3475,VIC,C
3477,VIC,C
3478,VIC,C
3480,VIC,C
3482,VIC,C
3483,VIC,C
3485,VIC,C
3487,VIC,C
3488,VIC,C
3489,VIC,C
3490,VIC,C
3491,VIC,C
3494,VIC,C
3496,VIC,C
3498,VIC,C
3500,VIC,C
3501,VIC,C
3505,VIC,C
3506,VIC,C
3507,VIC,C
3509,VIC,C
3512,VIC,C
3515,VIC,C
3516,VIC,C
3517,VIC,C
3518,VIC,C
3520,VIC,C
3521,VIC,C
3522,VIC,C
3523,VIC,C
3525,VIC,C
3527,VIC,C
3529,VIC,C
3530,VIC,C
3531,VIC,C
3533,VIC,C
3537,VIC,C
3540,VIC,C
3542,VIC,C
3544,VIC,C
3546,VIC,C
3549,VIC,C
3550,VIC,C
3551,VIC,C
3555,VIC,C
3556,VIC,C
3557,VIC,C
3558,VIC,C
3559,VIC,C
3561,VIC,C
3562,VIC,C
3563,VIC,C
3564,VIC,C
3565,VIC,C
3566,VIC,C
3567,VIC,C
3568,VIC,C
3570,VIC,C
3571,VIC,C
3572,VIC,C
3573,VIC,C
3575,VIC,C
3576,VIC,C
3579,VIC,C
3580,VIC,C
3581,VIC,C
3583,VIC,C
3584,VIC,C
3585,VIC,C
3586,VIC,C
3588,VIC,C
3589,VIC,C
3590,VIC,C
3591,VIC,C
3594,VIC,C
3595,VIC,C
3596,VIC,C
3597,VIC,C
3599,VIC,C
3607,VIC,C
3608,VIC,C
3610,VIC,C
3612,VIC,C
3614,VIC,C
3616,VIC,C
3617,VIC,C
3618,VIC,C
3620,VIC,C
3621,VIC,C
3622,VIC,C
3623,VIC,C
3624,VIC,C
3629,VIC,C
3630,VIC,C
3631,VIC,C
3633,VIC,C
3634,VIC,C
3635,VIC,C
3636,VIC,C
3637,VIC,C
3638,VIC,C
3639,VIC,C
3640,VIC,C
3641,VIC,C
3644,VIC,C
3646,VIC,C
3647,VIC,C
3649,VIC,C
3658,VIC,C
3659,VIC,C
3660,VIC,C
3662,VIC,C
3663,VIC,C
3664,VIC,C
3665,VIC,C
3666,VIC,C
3669,VIC,C
3670,VIC,C
3672,VIC,C
3673,VIC,C
3675,VIC,C
3677,VIC,C
3678,VIC,C
3682,VIC,C
3683,VIC,C
3685,VIC,C
3687,VIC,C
3688,VIC,C
3690,VIC,C
3691,VIC,C
3695,VIC,C
3697,VIC,C
3698,VIC,C
3699,VIC,C
3700,VIC,C
3701,VIC,C
3704,VIC,C
3705,VIC,C
3707,VIC,C
3708,VIC,C
3709,VIC,C
3711,VIC,C
3712,VIC,C
3713,VIC,C
3714,VIC,C
3715,VIC,C
3717,VIC,C
3718,VIC,C
3719,VIC,C
3720,VIC,C
3722,VIC,C
3723,VIC,C
3725,VIC,C
3726,VIC,C
3727,VIC,C
3728,VIC,C
3730,VIC,C
3732,VIC,C
3733,VIC,C
3735,VIC,C
3737,VIC,C
3738,VIC,C
3739,VIC,C
3740,VIC,C
3741,VIC,C
3744,VIC,C
3746,VIC,C
3747,VIC,C
3749,VIC,C
3750,VIC,C
3751,VIC,C
3752,VIC,B
3753,VIC,C
3754,VIC,B
3755,VIC,C
3756,VIC,C
3757,VIC,C
3758,VIC,C
3759,VIC,C
3760,VIC,C
3761,VIC,C
3762,VIC,C
3763,VIC,C
3764,VIC,C
3765,VIC,B
3766,VIC,B
3767,VIC,B
3770,VIC,C
3775,VIC,C
3777,VIC,C
3778,VIC,C
3779,VIC,C
3781,VIC,C
3782,VIC,B
3783,VIC,C
3785,VIC,B
3786,VIC,B
3787,VIC,B
3788,VIC,B
3789,VIC,B
3791,VIC,B
3792,VIC,B
3793,VIC,B
3795,VIC,C
3796,VIC,B
3797,VIC,C
3799,VIC,C
3800,VIC,B
3802,VIC,B
3803,VIC,B
3804,VIC,B
3805,VIC,B
3806,VIC,B
3807,VIC,B
3808,VIC,C
3809,VIC,C
3810,VIC,C
3812,VIC,C
3813,VIC,C
3814,VIC,C
3815,VIC,C
3816,VIC,C
3818,VIC,C
3820,VIC,C
3821,VIC,C
3822,VIC,C
3823,VIC,C
3824,VIC,C
3825,VIC,C
3831,VIC,C
3832,VIC,C
3833,VIC,C
3835,VIC,C
3840,VIC,C
3842,VIC,C
3844,VIC,C
3847,VIC,C
3850,VIC,C
3851,VIC,C
3852,VIC,C
3854,VIC,C
3856,VIC,C
3857,VIC,C
3858,VIC,C
3859,VIC,C
3860,VIC,C
3862,VIC,C
3864,VIC,C
3865,VIC,C
3869,VIC,C
3870,VIC,C
3871,VIC,C
3873,VIC,C
3874,VIC,C
3875,VIC,C
3878,VIC,C
3880,VIC,C
3882,VIC,C
3885,VIC,C
3886,VIC,C
3887,VIC,C
3888,VIC,C
3889,VIC,C
3890,VIC,C
3891,VIC,C
3892,VIC,C
3893,VIC,C
3895,VIC,C
3896,VIC,C
3898,VIC,C
3900,VIC,C
3902,VIC,C
3903,VIC,C
3904,VIC,C
3909,VIC,C
3910,VIC,B
3911,VIC,B
3912,VIC,C
3913,VIC,C
3915,VIC,C
3916,VIC,C
3918,VIC,C
3919,VIC,C
3920,VIC,C
3921,VIC,C
3922,VIC,C
3923,VIC,C
3925,VIC,C
3926,VIC,C
3927,VIC,C
3928,VIC,C
3929,VIC,C
3930,VIC,B
3931,VIC,B
3933,VIC,C
3934,VIC,B
3936,VIC,B
3937,VIC,C
3938,VIC,B
3939,VIC,C
3940,VIC,C
3941,VIC,C
3942,VIC,C
3943,VIC,C
3944,VIC,C
3945,VIC,C
3946,VIC,C
3950,VIC,C
3951,VIC,C
3953,VIC,C
3954,VIC,C
3956,VIC,C
3957,VIC,C
3958,VIC,C
3959,VIC,C
3960,VIC,C
3962,VIC,C
3964,VIC,C
3965,VIC,C
3966,VIC,C
3967,VIC,C
3971,VIC,C
3975,VIC,B
3976,VIC,B
3977,VIC,B
3978,VIC,C
3979,VIC,C
3980,VIC,C
3981,VIC,C
3984,VIC,C
3987,VIC,C
3988,VIC,C
3990,VIC,C
3991,VIC,C
3992,VIC,C
3995,VIC,C
3996,VIC,C
4000,QLD,A
4005,QLD,B
4006,QLD,B
4007,QLD,B
4008,QLD,B
4009,QLD,B
4010,QLD,B
4011,QLD,B
4012,QLD,B
4013,QLD,B
4014,QLD,B
4017,QLD,B
4018,QLD,B
4019,QLD,B
4020,QLD,B
4021,QLD,B
4022,QLD,B
4025,QLD,C
4029,QLD,B
4030,QLD,B
4031,QLD,B
4032,QLD,B
4034,QLD,B
4035,QLD,B
4036,QLD,B
4037,QLD,B
4051,QLD,B
4053,QLD,B
4054,QLD,B
4055,QLD,B
4059,QLD,B
4060,QLD,B
4061,QLD,B
4064,QLD,B
4065,QLD,B
4066,QLD,B
4067,QLD,B
4068,QLD,B
4069,QLD,B
4070,QLD,B
4072,QLD,B
4073,QLD,B
4074,QLD,B
4075,QLD,B
4076,QLD,B
4077,QLD,B
4078,QLD,B
4101,QLD,B
4102,QLD,B
4103,QLD,B
4104,QLD,B
4105,QLD,B
4106,QLD,B
4107,QLD,B
4108,QLD,B
4109,QLD,B
4110,QLD,B
4111,QLD,B
4112,QLD,B
4113,QLD,B
4114,QLD,B
4115,QLD,B
4116,QLD,B
4117,QLD,B
4118,QLD,B
4119,QLD,B
4120,QLD,B
4121,QLD,B
4122,QLD,B
4123,QLD,B
4124,QLD,B
4125,QLD,B
4127,QLD,B
4128,QLD,B
4129,QLD,B
4130,QLD,B
4131,QLD,B
4132,QLD,B
4133,QLD,B
4151,QLD,B
4152,QLD,B
4153,QLD,B
4154,QLD,B
4155,QLD,B
4156,QLD,B
4157,QLD,B
4158,QLD,B
4159,QLD,B
4160,QLD,B
4161,QLD,B
4163,QLD,B
4164,QLD,B
4165,QLD,B
4169,QLD,B
4170,QLD,B
4171,QLD,B
4172,QLD,B
4173,QLD,B
4174,QLD,B
4178,QLD,B
4179,QLD,B
4183,QLD,C
4184,QLD,B
4205,QLD,B
4207,QLD,B
4208,QLD,B
4209,QLD,B
4210,QLD,B
4211,QLD,C
4212,QLD,B
4213,QLD,C
4214,QLD,B
4215,QLD,B
4216,QLD,B
4217,QLD,B
4218,QLD,B
4219,QLD,B
4220,QLD,B
4221,QLD,B
4222,QLD,B
4223,QLD,B
4224,QLD,B
4225,QLD,B
4226,QLD,B
4227,QLD,B
4228,QLD,C
4229,QLD,B
4230,QLD,B
4270,QLD,C
4271,QLD,B
4272,QLD,C
4275,QLD,C
4280,QLD,C
4285,QLD,C
4287,QLD,C
4300,QLD,B
4301,QLD,B
4303,QLD,B
4304,QLD,B
4305,QLD,B
4306,QLD,C
4307,QLD,C
4309,QLD,C
4310,QLD,C
4311,QLD,C
4312,QLD,C
4313,QLD,C
4314,QLD,C
4340,QLD,C
4341,QLD,C
4342,QLD,C
4343,QLD,C
4344,QLD,C
4345,QLD,C
4346,QLD,C
4347,QLD,C
4350,QLD,B
4352,QLD,C
4353,QLD,C
4354,QLD,C
4355,QLD,C
4356,QLD,C
4357,QLD,C
4358,QLD,C
4359,QLD,C
4360,QLD,C
4361,QLD,C
4362,QLD,C
4363,QLD,C
4364,QLD,C
4365,QLD,C
4370,QLD,C
4371,QLD,C
4372,QLD,C
4373,QLD,C
4374,QLD,C
4375,QLD,C
4376,QLD,C
4377,QLD,C
4378,QLD,C
4380,QLD,C
4381,QLD,C
4382,QLD,C
4383,QLD,C
4384,QLD,C
4385,QLD,C
4387,QLD,C
4388,QLD,C
4390,QLD,C
4400,QLD,C
4401,QLD,C
4402,QLD,C
4403,QLD,C
4404,QLD,C
4405,QLD,C
4406,QLD,C
4407,QLD,C
4408,QLD,C
4410,QLD,C
4411,QLD,C
4412,QLD,C
4413,QLD,C
4415,QLD,C
4416,QLD,C
4417,QLD,C
4418,QLD,C
4419,QLD,C
4420,QLD,C
4421,QLD,C
4422,QLD,C
4423,QLD,C
4424,QLD,C
4425,QLD,C
4426,QLD,C
4427,QLD,C
4428,QLD,C
4454,QLD,C
4455,QLD,C
4461,QLD,C
4462,QLD,C
4465,QLD,C
4467,QLD,C
4468,QLD,C
4470,QLD,C
4471,QLD,C
4472,QLD,C
4474,QLD,C
4475,QLD,C
4477,QLD,C
4478,QLD,C
4479,QLD,C
4480,QLD,C
4481,QLD,C
4482,QLD,C
4486,QLD,C
4487,QLD,C
4488,QLD,C
4489,QLD,C
4490,QLD,C
4491,QLD,C
4492,QLD,C
4493,QLD,C
4494,QLD,C
4496,QLD,C
4497,QLD,C
4498,QLD,C
4500,QLD,B
4501,QLD,B
4502,QLD,B
4503,QLD,B
4504,QLD,B
4505,QLD,B
4506,QLD,B
4507,QLD,C
4508,QLD,B
4509,QLD,B
4510,QLD,C
4511,QLD,C
4512,QLD,C
4514,QLD,C
4515,QLD,C
4516,QLD,C
4517,QLD,C
4518,QLD,C
4519,QLD,C
4520,QLD,C
4521,QLD,C
4550,QLD,C
4551,QLD,B
4552,QLD,C
4553,QLD,C
4554,QLD,C
4555,QLD,C
4556,QLD,B
4557,QLD,B
4558,QLD,B
4559,QLD,C
4560,QLD,C
4561,QLD,C
4562,QLD,C
4563,QLD,C
4564,QLD,B
4565,QLD,C
4566,QLD,B
4567,QLD,B
4568,QLD,C
4569,QLD,C
4570,QLD,C
4571,QLD,C
4572,QLD,B
4573,QLD,B
4574,QLD,C
4575,QLD,B
4580,QLD,C
4581,QLD,C
4600,QLD,C
4601,QLD,C
4605,QLD,C
4606,QLD,C
4608,QLD,C
4610,QLD,C
4611,QLD,C
4612,QLD,C
4613,QLD,C
4614,QLD,C
4615,QLD,C
4620,QLD,C
4621,QLD,C
4625,QLD,C
4626,QLD,C
4627,QLD,C
4630,QLD,C
4650,QLD,C
4655,QLD,C
4659,QLD,C
4660,QLD,C
4662,QLD,C
4670,QLD,C
4671,QLD,C
4673,QLD,C
4674,QLD,C
4676,QLD,C
4677,QLD,C
4678,QLD,C
4680,QLD,C
4694,QLD,C
4695,QLD,C
4697,QLD,C
4699,QLD,C
4700,QLD,C
4701,QLD,C
4702,QLD,C
4703,QLD,C
4704,QLD,C
4705,QLD,C
4706,QLD,C
4707,QLD,C
4709,QLD,C
4710,QLD,C
4711,QLD,C
4712,QLD,C
4713,QLD,C
4714,QLD,C
4715,QLD,C
4716,QLD,C
4717,QLD,C
4718,QLD,C
4719,QLD,C
4720,QLD,C
4721,QLD,C
4722,QLD,C
4723,QLD,C
4724,QLD,C
4725,QLD,C
4726,QLD,C
4727,QLD,C
4728,QLD,C
4730,QLD,C
4731,QLD,C
4732,QLD,C
4733,QLD,C
4735,QLD,C
4736,QLD,C
4737,QLD,C
4738,QLD,C
4739,QLD,C
4740,QLD,C
4741,QLD,C
4742,QLD,C
4743,QLD,C
4744,QLD,C
4745,QLD,C
4746,QLD,C
4750,QLD,C
4751,QLD,C
4753,QLD,C
4754,QLD,C
4756,QLD,C
4757,QLD,C
4798,QLD,C
4799,QLD,C
4800,QLD,C
4801,QLD,C
4802,QLD,C
4803,QLD,C
4804,QLD,C
4805,QLD,C
4806,QLD,C
4807,QLD,C
4808,QLD,C
4809,QLD,C
4810,QLD,B
4811,QLD,C
4812,QLD,B
4813,QLD,B
4814,QLD,B
4815,QLD,C
4816,QLD,C
4817,QLD,C
4818,QLD,C
4819,QLD,C
4820,QLD,C
4821,QLD,C
4822,QLD,C
4823,QLD,C
4824,QLD,C
4825,QLD,C
4828,QLD,C
4829,QLD,C
4830,QLD,C
4849,QLD,C
4850,QLD,C
4852,QLD,C
4854,QLD,C
4855,QLD,C
4856,QLD,C
4857,QLD,C
4858,QLD,C
4859,QLD,C
4860,QLD,C
4861,QLD,C
4865,QLD,C
4868,QLD,B
4869,QLD,B
4870,QLD,B
4871,QLD,C
4872,QLD,C
4873,QLD,C
4874,QLD,C
4875,QLD,C
4876,QLD,C
4877,QLD,C
4878,QLD,B
4879,QLD,B
4880,QLD,C
4881,QLD,C
4882,QLD,C
4883,QLD,C
4884,QLD,C
4885,QLD,C
4886,QLD,C
4887,QLD,C
4888,QLD,C
4890,QLD,C
4891,QLD,C
4892,QLD,C
4895,QLD,C
5000,SA,A
5005,SA,A
5006,SA,B
5007,SA,B
5008,SA,B
5009,SA,B
5010,SA,B
5011,SA,B
5012,SA,B
5013,SA,B
5014,SA,B
5015,SA,B
5016,SA,B
5017,SA,B
5018,SA,B
5019,SA,B
5020,SA,B
5021,SA,B
5022,SA,B
5023,SA,B
5024,SA,B
5025,SA,B
5031,SA,B
5032,SA,B
5033,SA,B
5034,SA,B
5035,SA,B
5037,SA,B
5038,SA,B
5039,SA,B
5040,SA,B
5041,SA,B
5042,SA,B
5043,SA,B
5044,SA,B
5045,SA,B
5046,SA,B
5047,SA,B
5048,SA,B
5049,SA,B
5050,SA,B
5051,SA,B
5052,SA,B
5061,SA,B
5062,SA,B
5063,SA,B
5064,SA,B
5065,SA,B
5066,SA,B
5067,SA,B
5068,SA,B
5069,SA,B
5070,SA,B
5072,SA,B
5073,SA,B
5074,SA,B
5075,SA,B
5076,SA,B
5081,SA,B
5082,SA,B
5083,SA,B
5084,SA,B
5085,SA,B
5086,SA,B
5087,SA,B
5088,SA,B
5089,SA,B
5090,SA,B
5091,SA,B
5092,SA,B
5093,SA,B
5094,SA,B
5095,SA,B
5096,SA,B
5097,SA,B
5098,SA,B
5106,SA,B
5107,SA,B
5108,SA,B
5109,SA,B
5110,SA,B
5111,SA,B
5112,SA,B
5113,SA,B
5114,SA,C
5115,SA,C
5116,SA,C
5117,SA,C
5118,SA,C
5120,SA,C
5121,SA,C
5125,SA,B
5126,SA,B
5127,SA,B
5131,SA,C
5132,SA,C
5133,SA,C
5134,SA,C
5136,SA,C
5137,SA,C
5138,SA,C
5139,SA,C
5140,SA,B
5141,SA,C
5142,SA,C
5144,SA,C
5150,SA,B
5151,SA,C
5152,SA,C
5153,SA,C
5154,SA,C
5155,SA,C
5156,SA,C
5157,SA,C
5158,SA,B
5159,SA,B
5160,SA,B
5161,SA,B
5162,SA,B
5163,SA,B
5164,SA,B
5165,SA,B
5166,SA,B
5167,SA,B
5168,SA,B
5169,SA,B
5170,SA,B
5171,SA,C
5172,SA,C
5173,SA,B
5174,SA,C
5201,SA,C
5202,SA,C
5203,SA,C
5204,SA,C
5210,SA,C
5211,SA,C
5212,SA,C
5213,SA,C
5214,SA,C
5220,SA,C
5221,SA,C
5222,SA,C
5223,SA,C
5231,SA,C
5232,SA,C
5233,SA,C
5234,SA,C
5235,SA,C
5236,SA,C
5237,SA,C
5238,SA,C
5240,SA,C
5241,SA,C
5242,SA,C
5243,SA,C
5244,SA,C
5245,SA,C
5250,SA,C
5251,SA,C
5252,SA,C
5253,SA,C
5254,SA,C
5255,SA,C
5256,SA,C
5259,SA,C
5260,SA,C
5261,SA,C
5262,SA,C
5263,SA,C
5264,SA,C
5265,SA,C
5266,SA,C
5267,SA,C
5268,SA,C
5269,SA,C
5270,SA,C
5271,SA,C
5272,SA,C
5273,SA,C
5275,SA,C
5276,SA,C
5277,SA,C
5278,SA,C
5279,SA,C
5280,SA,C
5290,SA,C
5291,SA,C
5301,SA,C
5302,SA,C
5303,SA,C
5304,SA,C
5306,SA,C
5307,SA,C
5308,SA,C
5309,SA,C
5310,SA,C
5311,SA,C
5320,SA,C
5321,SA,C
5322,SA,C
5330,SA,C
5331,SA,C
5332,SA,C
5333,SA,C
5340,SA,C
5341,SA,C
5342,SA,C
5343,SA,C
5344,SA,C
5345,SA,C
5346,SA,C
5350,SA,C
5351,SA,C
5352,SA,C
5353,SA,C
5354,SA,C
5355,SA,C
5356,SA,C
5357,SA,C
5360,SA,C
5371,SA,C
5372,SA,C
5373,SA,C
5374,SA,C
5381,SA,C
5400,SA,C
5401,SA,C
5410,SA,C
5411,SA,C
5412,SA,C
5413,SA,C
5414,SA,C
5415,SA,C
5416,SA,C
5417,SA,C
5418,SA,C
5419,SA,C
5420,SA,C
5421,SA,C
5422,SA,C
5431,SA,C
5432,SA,C
5433,SA,C
5434,SA,C
5440,SA,C
5451,SA,C
5452,SA,C
5453,SA,C
5454,SA,C
5455,SA,C
5460,SA,C
5461,SA,C
5462,SA,C
5464,SA,C
5470,SA,C
5471,SA,C
5472,SA,C
5473,SA,C
5480,SA,C
5481,SA,C
5482,SA,C
5483,SA,C
5485,SA,C
5490,SA,C
5491,SA,C
5493,SA,C
5495,SA,C
5501,SA,C
5502,SA,C
5510,SA,C
5520,SA,C
5521,SA,C
5522,SA,C
5523,SA,C
5540,SA,C
5550,SA,C
5552,SA,C
5554,SA,C
5555,SA,C
5556,SA,C
5558,SA,C
5560,SA,C
5570,SA,C
5571,SA,C
5572,SA,C
5573,SA,C
5575,SA,C
5576,SA,C
5577,SA,C
5580,SA,C
5581,SA,C
5582,SA,C
5583,SA,C
5600,SA,C
5601,SA,C
5602,SA,C
5603,SA,C
5604,SA,C
5605,SA,C
5606,SA,C
5607,SA,C
5608,SA,C
5609,SA,C
5611,SA,C
5630,SA,C
5631,SA,C
5632,SA,C
5633,SA,C
5640,SA,C
5641,SA,C
5642,SA,C
5650,SA,C
5651,SA,C
5652,SA,C
5653,SA,C
5654,SA,C
5655,SA,C
5660,SA,C
5661,SA,C
5670,SA,C
5671,SA,C
5680,SA,C
5690,SA,C
5700,SA,C
5701,SA,C
5710,SA,C
5713,SA,C
5715,SA,C
5717,SA,C
5719,SA,C
5720,SA,C
5722,SA,C
5723,SA,C
5724,SA,C
5725,SA,C
5730,SA,C
5731,SA,C
5732,SA,C
5733,SA,C
5734,SA,C
5950,SA,B
5960,SA,B
6000,WA,A
6003,WA,A
6004,WA,B
6005,WA,B
6006,WA,B
6007,WA,B
6008,WA,B
6009,WA,B
6010,WA,B
6011,WA,B
6012,WA,B
6014,WA,B
6015,WA,B
6016,WA,B
6017,WA,B
6018,WA,B
6019,WA,B
6020,WA,B
6021,WA,B
6022,WA,B
6023,WA,B
6024,WA,B
6025,WA,B
6026,WA,B
6027,WA,B
6028,WA,B
6029,WA,B
6030,WA,B
6031,WA,B
6032,WA,C
6033,WA,C
6034,WA,C
6035,WA,C
6036,WA,B
6037,WA,C
6038,WA,C
6041,WA,C
6042,WA,C
6043,WA,C
6044,WA,C
6050,WA,B
6051,WA,B
6052,WA,B
6053,WA,B
6054,WA,B
6055,WA,B
6056,WA,B
6057,WA,B
6058,WA,B
6059,WA,B
6060,WA,B
6061,WA,B
6062,WA,B
6063,WA,B
6064,WA,B
6065,WA,B
6066,WA,B
6067,WA,C
6068,WA,C
6069,WA,C
6070,WA,B
6071,WA,C
6072,WA,C
6073,WA,C
6074,WA,C
6076,WA,C
6077,WA,C
6078,WA,C
6079,WA,C
6081,WA,C
6082,WA,C
6083,WA,C
6084,WA,C
6090,WA,B
6100,WA,B
6101,WA,B
6102,WA,B
6103,WA,B
6104,WA,B
6105,WA,B
6106,WA,B
6107,WA,B
6108,WA,B
6109,WA,B
6110,WA,B
6111,WA,C
6112,WA,B
6121,WA,C
6122,WA,C
6123,WA,C
6124,WA,C
6125,WA,C
6126,WA,C
6147,WA,B
6148,WA,B
6149,WA,B
6150,WA,B
6151,WA,B
6152,WA,B
6153,WA,B
6154,WA,B
6155,WA,B
6156,WA,B
6157,WA,B
6158,WA,B
6159,WA,B
6160,WA,B
6161,WA,C
6162,WA,B
6163,WA,B
6164,WA,B
6165,WA,B
6166,WA,B
6167,WA,B
6168,WA,B
6169,WA,B
6170,WA,B
6171,WA,B
6172,WA,C
6173,WA,C
6174,WA,C
6175,WA,C
6176,WA,C
6180,WA,C
6181,WA,C
6182,WA,C
6207,WA,C
6208,WA,C
6209,WA,C
6210,WA,C
6211,WA,C
6213,WA,C
6214,WA,C
6215,WA,C
6218,WA,C
6220,WA,C
6221,WA,C
6223,WA,C
6224,WA,C
6225,WA,C
6226,WA,C
6227,WA,C
6228,WA,C
6229,WA,C
6230,WA,C
6232,WA,C
6233,WA,C
6236,WA,C
6237,WA,C
6239,WA,C
6240,WA,C
6243,WA,C
6244,WA,C
6251,WA,C
6252,WA,C
6253,WA,C
6254,WA,C
6255,WA,C
6256,WA,C
6258,WA,C
6260,WA,C
6262,WA,C
6271,WA,C
6275,WA,C
6280,WA,C
6281,WA,C
6282,WA,C
6284,WA,C
6285,WA,C
6286,WA,C
6288,WA,C
6290,WA,C
6302,WA,C
6304,WA,C
6306,WA,C
6308,WA,C
6309,WA,C
6311,WA,C
6312,WA,C
6313,WA,C
6315,WA,C
6316,WA,C
6317,WA,C
6318,WA,C
6320,WA,C
6321,WA,C
6322,WA,C
6323,WA,C
6324,WA,C
6326,WA,C
6327,WA,C
6328,WA,C
6330,WA,C
6333,WA,C
6335,WA,C
6336,WA,C
6337,WA,C
6338,WA,C
6341,WA,C
6343,WA,C
6346,WA,C
6348,WA,C
6350,WA,C
6351,WA,C
6352,WA,C
6353,WA,C
6355,WA,C
6356,WA,C
6357,WA,C
6358,WA,C
6359,WA,C
6361,WA,C
6363,WA,C
6365,WA,C
6367,WA,C
6368,WA,C
6369,WA,C
6370,WA,C
6372,WA,C
6373,WA,C
6375,WA,C
6383,WA,C
6384,WA,C
6385,WA,C
6386,WA,C
6390,WA,C
6391,WA,C
6392,WA,C
6393,WA,C
6394,WA,C
6395,WA,C
6396,WA,C
6397,WA,C
6398,WA,C
6401,WA,C
6403,WA,C
6405,WA,C
6407,WA,C
6409,WA,C
6410,WA,C
6411,WA,C
6412,WA,C
6413,WA,C
6414,WA,C
6415,WA,C
6418,WA,C
6419,WA,C
6420,WA,C
6421,WA,C
6422,WA,C
6423,WA,C
6424,WA,C
6425,WA,C
6426,WA,C
6427,WA,C
6428,WA,C
6429,WA,C
6430,WA,C
6431,WA,C
6432,WA,C
6434,WA,C
6436,WA,C
6437,WA,C
6438,WA,C
6440,WA,C
6442,WA,C
6443,WA,C
6445,WA,C
6446,WA,C
6447,WA,C
6448,WA,C
6450,WA,C
6452,WA,C
6460,WA,C
6461,WA,C
6462,WA,C
6463,WA,C
6465,WA,C
6466,WA,C
6467,WA,C
6468,WA,C
6470,WA,C
6472,WA,C
6473,WA,C
6475,WA,C
6476,WA,C
6477,WA,C
6479,WA,C
6480,WA,C
6484,WA,C
6485,WA,C
6487,WA,C
6488,WA,C
6489,WA,C
6490,WA,C
6501,WA,C
6502,WA,C
6503,WA,C
6504,WA,C
6505,WA,C
6506,WA,C
6507,WA,C
6509,WA,C
6510,WA,C
6511,WA,C
6512,WA,C
6513,WA,C
6514,WA,C
6515,WA,C
6516,WA,C
6517,WA,C
6518,WA,C
6519,WA,C
6521,WA,C
6522,WA,C
6525,WA,C
6528,WA,C
6530,WA,C
6532,WA,C
6535,WA,C
6536,WA,C
6537,WA,C
6556,WA,C
6558,WA,C
6560,WA,C
6562,WA,C
6564,WA,C
6566,WA,C
6567,WA,C
6568,WA,C
6569,WA,C
6571,WA,C
6572,WA,C
6574,WA,C
6575,WA,C
6603,WA,C
6605,WA,C
6606,WA,C
6608,WA,C
6609,WA,C
6612,WA,C
6613,WA,C
6614,WA,C
6616,WA,C
6620,WA,C
6623,WA,C
6625,WA,C
6627,WA,C
6628,WA,C
6630,WA,C
6631,WA,C
6632,WA,C
6635,WA,C
6638,WA,C
6639,WA,C
6640,WA,C
6642,WA,C
6646,WA,C
6701,WA,C
6705,WA,C
6707,WA,C
6710,WA,C
6711,WA,C
6712,WA,C
6713,WA,C
6714,WA,C
6716,WA,C
6718,WA,C
6720,WA,C
6721,WA,C
6722,WA,C
6725,WA,C
6726,WA,C
6728,WA,C
6731,WA,C
6733,WA,C
6740,WA,C
6743,WA,C
6751,WA,C
6753,WA,C
6754,WA,C
6758,WA,C
6760,WA,C
6762,WA,C
6765,WA,C
6770,WA,C
6798,WA,C
6799,WA,C
7000,TAS,B
7001,TAS,C
7004,TAS,B
7005,TAS,B
7007,TAS,B
7008,TAS,B
7009,TAS,B
7010,TAS,B
7011,TAS,B
7012,TAS,C
7015,TAS,B
7016,TAS,B
7017,TAS,C
7018,TAS,B
7019,TAS,B
7020,TAS,C
7021,TAS,B
7022,TAS,C
7023,TAS,C
7024,TAS,C
7025,TAS,C
7026,TAS,C
7027,TAS,C
7030,TAS,C
7050,TAS,B
7052,TAS,B
7053,TAS,B
7054,TAS,C
7055,TAS,B
7109,TAS,C
7112,TAS,C
7113,TAS,C
7116,TAS,C
7117,TAS,C
7119,TAS,C
7120,TAS,C
7139,TAS,C
7140,TAS,C
7150,TAS,C
7151,TAS,C
7155,TAS,C
7162,TAS,C
7163,TAS,C
7170,TAS,B
7171,TAS,C
7172,TAS,C
7173,TAS,C
7174,TAS,C
7175,TAS,C
7176,TAS,C
7177,TAS,C
7178,TAS,C
7179,TAS,C
7180,TAS,C
7182,TAS,C
7183,TAS,C
7184,TAS,C
7185,TAS,C
7186,TAS,C
7187,TAS,C
7190,TAS,C
7209,TAS,C
7210,TAS,C
7211,TAS,C
7212,TAS,C
7213,TAS,C
7214,TAS,C
7215,TAS,C
7216,TAS,C
7248,TAS,C
7249,TAS,C
7250,TAS,C
7252,TAS,C
7253,TAS,C
7254,TAS,C
7255,TAS,C
7256,TAS,C
7257,TAS,C
7258,TAS,C
7259,TAS,C
7260,TAS,C
7261,TAS,C
7262,TAS,C
7263,TAS,C
7264,TAS,C
7265,TAS,C
7267,TAS,C
7268,TAS,C
7270,TAS,C
7275,TAS,C
7276,TAS,C
7277,TAS,C
7290,TAS,C
7291,TAS,C
7292,TAS,C
7300,TAS,C
7301,TAS,C
7302,TAS,C
7303,TAS,C
7304,TAS,C
7305,TAS,C
7306,TAS,C
7307,TAS,C
7310,TAS,C
7315,TAS,C
7316,TAS,C
7320,TAS,C
7321,TAS,C
7322,TAS,C
7325,TAS,C
7330,TAS,C
7331,TAS,C
7466,TAS,C
7467,TAS,C
7468,TAS,C
7469,TAS,C
7470,TAS,C
